time_s,Gx_deg_p_sec,Gy_deg_p_sec,Gz_deg_p_sec,Ax_g,Ay_g,Az_g,
1631999069.0808496,-0.007633587786259542,0.0916030534351145,0.10687022900763359,-0.09910188912976153,-0.0400020646226902,0.9990193042221533,
1631999069.0808496,-0.007633587786259542,0.0916030534351145,0.10687022900763359,-0.09910188912976153,-0.0400020646226902,0.9990193042221533,
1631999069.2811751,-0.007633587786259542,0.11450381679389313,0.11450381679389313,-0.08568184164343966,-0.04258284298544441,1.001342004748632,
1631999069.3813465,0.022900763358778626,0.11450381679389313,0.09923664122137404,-0.10658614638174874,-0.07845566222772787,0.982244244864251,
1631999069.4815168,-0.022900763358778626,0.08396946564885496,0.13740458015267176,-0.10529575720037163,-0.04026014245896562,0.995148136678022,
1631999069.5816855,0.022900763358778626,0.10687022900763359,0.08396946564885496,-0.10968308041705378,-0.013678125322597295,1.0039227831113864,
1631999069.6818657,-0.007633587786259542,0.11450381679389313,0.12213740458015267,-0.10219882316506658,-0.043615154330546094,0.9961804480231238,
1631999069.782034,0.0,0.0916030534351145,0.09923664122137404,-0.11045731392588004,-0.01961391555693197,0.9881800350985857,
1631999069.8821747,0.015267175572519083,0.09923664122137404,0.11450381679389313,-0.10168266749251574,-0.021678538247135334,0.9946319810054712,
1631999069.9823222,0.03816793893129771,0.11450381679389313,0.10687022900763359,-0.11407040363373593,-0.009290802105915144,0.9943739031691958,
1631999070.0825016,-0.015267175572519083,0.09923664122137404,0.06870229007633588,-0.10400536801899453,-0.026582017136368326,1.004955094456488,
1631999070.1826699,-0.022900763358778626,0.08396946564885496,0.0916030534351145,-0.10968308041705378,-0.03355011871580468,0.9941158253329203,
1631999070.2828243,0.007633587786259542,0.0916030534351145,0.0916030534351145,-0.10839269123567667,-0.017291215030453184,0.9905027356250645,
1631999070.382985,0.022900763358778626,0.11450381679389313,0.0916030534351145,-0.10916692474450293,-0.04284092082171983,0.9814700113554248,
1631999070.4831624,0.030534351145038167,0.10687022900763359,0.09923664122137404,-0.10710230205429958,-0.02787240631774543,1.0072777949829668,
1631999070.5833366,-1.9236641221374047,0.10687022900763359,0.0916030534351145,-0.10323113451016826,-0.000774233508826262,0.9979869928770517,
1631999070.6835022,-0.04580152671755725,0.0916030534351145,0.10687022900763359,-0.10710230205429958,-0.0624548363786518,0.9892123464436874,
1631999070.7836773,-0.022900763358778626,0.09923664122137404,0.09923664122137404,-0.10606999070919788,-0.05909982450707133,0.9796634665014968,
1631999070.8838875,0.015267175572519083,0.10687022900763359,0.11450381679389313,-0.10529575720037163,-0.033033963043253844,0.9959223701868483,
1631999070.9840598,-0.030534351145038167,0.1297709923664122,0.11450381679389313,-0.10452152369154537,-0.01961391555693197,0.9843088675544543,
1631999071.084217,-0.015267175572519083,0.11450381679389313,0.09923664122137404,-0.11510271497883762,-0.03406627438835553,0.9832765562093527,
1631999071.1843855,1.9312977099236641,0.10687022900763359,0.10687022900763359,-0.08903685351502012,-0.020904304738309072,0.9830184783730773,
1631999071.2845445,1.9389312977099236,0.08396946564885496,0.10687022900763359,-0.11226385877980799,-0.005419634561783833,0.9933415918240941,
1631999071.384715,-0.015267175572519083,0.08396946564885496,0.12213740458015267,-0.10297305667389284,-0.030195106844224218,1.001858160421183,
1631999071.4848666,-0.022900763358778626,0.10687022900763359,0.09923664122137404,-0.08903685351502012,-0.05548673479921544,0.9941158253329203,
1631999071.5850391,1.9465648854961832,0.09923664122137404,0.06870229007633588,-0.10710230205429958,-0.020388149065758233,0.9760503767936409,
1631999071.6852121,-0.015267175572519083,0.09923664122137404,0.11450381679389313,-0.10452152369154537,-0.03587281924228347,0.979147310828946,
1631999071.785361,-0.007633587786259542,0.08396946564885496,0.10687022900763359,-0.13007122948281202,-0.06477753690513058,1.0057293279653143,
1631999071.885501,0.030534351145038167,0.08396946564885496,0.09923664122137404,-0.10710230205429958,-0.029678951171673375,0.9982450707133271,
1631999071.98568,0.007633587786259542,0.10687022900763359,0.1297709923664122,-0.09290802105915144,-0.04722824403840198,0.9863734902446577,
1631999072.0858517,-1.9465648854961832,0.12213740458015267,0.12213740458015267,-0.125167750593579,-0.04490554351192319,0.9876638794260348,
1631999072.1860137,-0.015267175572519083,0.10687022900763359,0.1297709923664122,-0.10813461339940125,-0.028904717662847114,0.9855992567358315,
1631999072.286188,0.0,0.08396946564885496,0.0916030534351145,-0.08464953029833798,-0.03096934035305048,1.0108908846908227,
1631999072.386356,-0.022900763358778626,0.06870229007633588,0.10687022900763359,-0.1249096727573036,-0.05393826778156292,1.0016000825849076,
1631999072.486517,-0.030534351145038167,0.12213740458015267,0.12213740458015267,-0.0936822545679777,-0.05574481263549086,0.9982450707133271,
1631999072.5866838,0.007633587786259542,0.12213740458015267,0.13740458015267176,-0.10452152369154537,-0.03561474140600805,0.9987612263858779,
1631999072.686851,0.0,0.10687022900763359,0.09923664122137404,-0.11200578094353257,-0.0033550118715804686,0.979147310828946,
1631999072.787019,1.9465648854961832,0.08396946564885496,0.06870229007633588,-0.11071539176215546,-0.03896975327758852,1.0005677712398058,
1631999072.8872266,0.007633587786259542,0.10687022900763359,0.09923664122137404,-0.10787653556312583,-0.01935583772065655,1.000051615567255,
1631999072.9873977,-1.9236641221374047,0.09923664122137404,0.10687022900763359,-0.11174770310725714,-0.01574274801280066,0.982244244864251,
1631999073.0897846,-0.015267175572519083,0.11450381679389313,0.09923664122137404,-0.09110147620522349,-0.030711262516775056,0.9966966036956746,
1631999073.1899302,-0.030534351145038167,0.08396946564885496,0.0916030534351145,-0.10168266749251574,-0.03561474140600805,0.9943739031691958,
1631999073.290147,-0.015267175572519083,0.11450381679389313,0.09923664122137404,-0.10426344585526995,-0.06116444719727469,0.9757922989573655,
1631999073.3902988,1.9312977099236641,0.12213740458015267,0.09923664122137404,-0.10942500258077836,-0.05264787860018581,0.9788892329926705,
1631999073.4904644,-1.9465648854961832,0.07633587786259542,0.11450381679389313,-0.1112315474347063,-0.03922783111386394,0.995148136678022,
1631999073.5906172,0.007633587786259542,0.10687022900763359,0.08396946564885496,-0.09729534427583358,-0.01600082584907608,0.9765665324661917,
1631999073.6907651,-0.030534351145038167,0.0916030534351145,0.03816793893129771,-0.1161350263239393,-0.025033550118715803,0.9817280891917002,
1631999073.7909176,-0.015267175572519083,0.10687022900763359,0.0916030534351145,-0.10348921234644368,-0.0400020646226902,0.9840507897181789,
1631999073.8910856,1.9389312977099236,0.08396946564885496,0.09923664122137404,-0.11278001445235883,-0.050067100237431605,1.0044389387839372,
1631999073.9912627,0.007633587786259542,0.10687022900763359,0.06870229007633588,-0.10194074532879116,-0.03561474140600805,0.9985031485496025,
1631999074.091415,-0.007633587786259542,0.11450381679389313,0.08396946564885496,-0.10710230205429958,-0.000774233508826262,0.9946319810054712,
1631999074.191561,0.007633587786259542,0.09923664122137404,0.11450381679389313,-0.10297305667389284,-0.04851863321977908,0.9910188912976153,
1631999074.2917235,1.9465648854961832,0.11450381679389313,0.09923664122137404,-0.10606999070919788,-0.04232476514916899,0.9935996696603695,
1631999074.3918734,-1.9541984732824427,0.10687022900763359,0.08396946564885496,-0.11200578094353257,-0.03355011871580468,0.9961804480231238,
1631999074.4920182,-1.9541984732824427,0.10687022900763359,0.09923664122137404,-0.11200578094353257,-0.04955094456488077,0.9997935377309796,
1631999074.5921843,-1.9465648854961832,0.0916030534351145,0.0916030534351145,-0.12955507381026116,-0.024775472282440383,0.9747599876122638,
1631999074.69235,1.916030534351145,0.06870229007633588,0.0916030534351145,-0.11278001445235883,-0.04438938783937235,1.0052131722927635,
1631999074.7925057,0.022900763358778626,0.08396946564885496,-0.030534351145038167,-0.10374729018271911,-0.0400020646226902,1.0181170641065345,
1631999074.8926558,-0.03816793893129771,0.08396946564885496,0.1297709923664122,-0.12697429544750696,-0.05522865696294002,0.9770826881387425,
1631999074.9928188,0.015267175572519083,0.15267175572519084,0.030534351145038167,-0.08852069784246928,-0.03793744193248683,0.9897285021162382,
1631999075.0931435,0.0,0.10687022900763359,0.061068702290076333,-0.10787653556312583,-0.0237431609373387,0.9959223701868483,
1631999075.1933115,-0.030534351145038167,0.11450381679389313,0.1297709923664122,-0.12826468462888407,-0.04387323216682151,0.9979869928770517,
1631999075.2934601,-0.030534351145038167,0.11450381679389313,0.12213740458015267,-0.0936822545679777,-0.032517807370703006,0.9765665324661917,
1631999075.3937836,0.007633587786259542,0.0916030534351145,0.08396946564885496,-0.1298131516465366,-0.03225972953442758,0.9755342211210901,
1631999075.4939256,-1.9465648854961832,0.12213740458015267,0.0916030534351145,-0.1063280685454733,-0.010581191287292247,0.9649530298337978,
1631999075.5940764,-0.022900763358778626,0.0916030534351145,0.08396946564885496,-0.08284298544441003,-0.0312274181893259,0.9917931248064416,
1631999075.6942298,0.0,0.08396946564885496,0.08396946564885496,-0.13910395375245174,-0.02684009497264375,0.979147310828946,
1631999075.7944012,-0.007633587786259542,0.1450381679389313,0.10687022900763359,-0.07303602766594404,-0.02864663982657169,1.000051615567255,
1631999075.8945432,-0.022900763358778626,0.10687022900763359,0.10687022900763359,-0.1236192835759265,0.0010323113451016826,0.9763084546299163,
1631999075.9946952,-0.022900763358778626,0.12213740458015267,0.3969465648854962,-0.07200371632084236,0.012387736141220192,1.0129555073810261,
1631999076.094865,-0.022900763358778626,0.1450381679389313,0.07633587786259542,-0.10606999070919788,-0.030711262516775056,0.9817280891917002,
1631999076.1950297,0.007633587786259542,0.1450381679389313,0.05343511450381679,-0.09574687725818107,-0.03535666356973263,1.0034066274388356,
1631999076.29518,-0.022900763358778626,0.11450381679389313,0.11450381679389313,-0.11742541550531639,-0.021936616083410757,0.9750180654485392,
1631999076.3953295,-0.007633587786259542,0.19083969465648856,0.1297709923664122,-0.09935996696603695,-0.0474863218746774,1.0052131722927635,
1631999076.495472,-0.04580152671755725,0.11450381679389313,0.0916030534351145,-0.10942500258077836,-0.02761432848147001,0.9974708372045008,
1631999076.5956416,0.030534351145038167,0.16030534351145037,-0.03816793893129771,-0.11510271497883762,-0.04490554351192319,0.9801796221740476,
1631999076.6957927,0.030534351145038167,0.1450381679389313,-0.16793893129770993,-0.14220088778775677,-0.037421286259935994,0.9995354598947042,
1631999076.7959414,1.9236641221374047,0.10687022900763359,0.022900763358778626,-0.07097140497574068,0.02425931660988954,1.0222463094869412,
1631999076.8961303,0.05343511450381679,0.15267175572519084,0.030534351145038167,-0.10090843398368948,-0.043615154330546094,1.0054712501290388,
1631999076.9964113,-0.06870229007633588,0.07633587786259542,0.0916030534351145,-0.1063280685454733,-0.052389800763910394,1.0059874058015896,
1631999077.0965576,-0.03816793893129771,0.11450381679389313,0.06870229007633588,-0.13187777433673994,0.0033550118715804686,0.9788892329926705,
1631999077.1967227,0.0,0.09923664122137404,0.08396946564885496,-0.13652317538969752,-0.05935790234334675,0.9799215443377722,
1631999077.2968764,-0.04580152671755725,0.1297709923664122,0.0916030534351145,-0.09781149994838442,-0.01987199339320739,0.9966966036956746,
1631999077.3970244,0.015267175572519083,0.061068702290076333,0.0916030534351145,-0.1352327862083204,-0.033033963043253844,1.0129555073810261,
1631999077.4971778,-1.9465648854961832,0.11450381679389313,0.09923664122137404,-0.13032930731908743,-0.025807783627542064,0.990244657788789,
1631999077.5973506,-0.030534351145038167,0.1297709923664122,0.10687022900763359,-0.08516568597088882,-0.04335707649427067,0.9752761432848146,
1631999077.6975336,-0.030534351145038167,0.061068702290076333,0.12213740458015267,-0.1600082584907608,-0.04929286672860535,1.0194074532879116,
1631999077.797694,-1.9541984732824427,0.11450381679389313,0.09923664122137404,-0.14658821100443895,-0.02425931660988954,0.9654691855063486,
1631999077.8978689,-0.015267175572519083,0.19083969465648856,0.10687022900763359,-0.05316403427273665,-0.0400020646226902,0.9628884071435945,
1631999077.9980469,1.9465648854961832,0.17557251908396945,0.10687022900763359,-0.06890678228553732,-0.02735625064519459,0.9866315680809331,
1631999078.0982132,1.9465648854961832,0.1297709923664122,0.08396946564885496,-0.08568184164343966,-0.06606792608650769,0.9809538556828739,
1631999078.198369,1.9465648854961832,0.061068702290076333,0.11450381679389313,-0.13239393000929078,-0.04722824403840198,1.0188912976153608,
1631999078.298519,-1.9541984732824427,0.08396946564885496,0.11450381679389313,-0.11974811603179518,-0.01548467017652524,0.9745019097759884,
1631999078.3986855,-0.015267175572519083,0.1297709923664122,0.10687022900763359,-0.10529575720037163,-0.04490554351192319,0.9636626406524207,
1631999078.4988518,0.015267175572519083,0.10687022900763359,0.10687022900763359,-0.08413337462578713,-0.017291215030453184,0.9907608134613399,
1631999078.5991473,0.0,0.09923664122137404,0.10687022900763359,-0.10219882316506658,-0.028904717662847114,1.008052028491793,
1631999078.699379,-1.9541984732824427,0.09923664122137404,0.08396946564885496,-0.09987612263858779,-0.025291627954991226,1.000051615567255,
1631999078.7995415,0.030534351145038167,0.09923664122137404,0.09923664122137404,-0.11510271497883762,-0.006968101579436357,0.9812119335191494,
1631999078.8996952,-1.9465648854961832,0.09923664122137404,0.08396946564885496,-0.10761845772685041,0.0012903891813771033,0.9995354598947042,
1631999078.999844,-0.06870229007633588,0.05343511450381679,0.08396946564885496,-0.1274904511200578,-0.052131722927634974,1.0186332197790853,
1631999079.099993,0.007633587786259542,0.061068702290076333,0.09923664122137404,-0.1473624445132652,-0.009548879942190565,1.0235366986683183,
1631999079.200161,0.022900763358778626,0.05343511450381679,0.11450381679389313,-0.16052441416331165,-0.04335707649427067,0.9794053886652214,
1631999079.300323,-0.022900763358778626,0.11450381679389313,0.09923664122137404,-0.11949003819551976,-0.042066687312893564,0.9440487250954888,
1631999079.4004645,-0.05343511450381679,0.17557251908396945,0.10687022900763359,-0.056519046144317124,-0.04671208836585114,0.9706307422318571,
1631999079.5006154,-0.022900763358778626,0.1450381679389313,0.08396946564885496,-0.08052028491793124,-0.030711262516775056,0.9667595746877258,
1631999079.6007848,1.9465648854961832,0.11450381679389313,0.0916030534351145,-0.10968308041705378,-0.06116444719727469,1.0041808609476617,
1631999079.7009346,-1.9083969465648856,0.05343511450381679,0.08396946564885496,-0.15768555796428202,-0.005935790234334675,0.9974708372045008,
1631999079.8010938,-0.030534351145038167,0.1297709923664122,0.09923664122137404,-0.07793950655517703,-0.03148549602560132,0.9845669453907298,
1631999079.9012482,0.0,0.0916030534351145,0.09923664122137404,-0.12310312790337566,-0.03484050789718179,0.9961804480231238,
1631999080.0014167,0.015267175572519083,0.11450381679389313,0.09923664122137404,-0.12413543924847734,-0.02348508310106328,1.0039227831113864,
1631999080.1015847,1.9312977099236641,0.09923664122137404,0.11450381679389313,-0.11329617012490967,-0.03819551976876226,0.9843088675544543,
1631999080.2017407,0.007633587786259542,0.06870229007633588,0.08396946564885496,-0.11432848147001134,-0.048002477547228244,0.9778569216475689,
1631999080.3018951,1.9312977099236641,0.0916030534351145,0.0916030534351145,-0.10839269123567667,-0.04851863321977908,0.9899865799525136,
1631999080.4020796,-0.007633587786259542,0.10687022900763359,0.0916030534351145,-0.11148962527098172,-0.03484050789718179,1.0041808609476617,
1631999080.5022311,-0.015267175572519083,0.10687022900763359,0.10687022900763359,-0.13187777433673994,-0.02864663982657169,0.9868896459172086,
1631999080.6024065,1.9465648854961832,0.12213740458015267,0.08396946564885496,-0.09935996696603695,-0.026323939300092906,0.9817280891917002,
1631999080.7025821,-0.015267175572519083,0.09923664122137404,0.0916030534351145,-0.11278001445235883,-0.041034375967791886,0.9861154124083823,
1631999080.8028932,0.015267175572519083,0.11450381679389313,0.08396946564885496,-0.11226385877980799,-0.0237431609373387,0.9786311551563951,
1631999080.903048,1.9389312977099236,0.06870229007633588,0.09923664122137404,-0.12697429544750696,-0.025033550118715803,0.9997935377309796,
1631999081.0032005,-0.007633587786259542,0.08396946564885496,0.0916030534351145,-0.1274904511200578,-0.027098172808919168,1.0072777949829668,
1631999081.1033661,-1.9541984732824427,0.08396946564885496,0.09923664122137404,-0.11303809228863425,-0.029678951171673375,1.0021162382574584,
1631999081.2035255,1.9236641221374047,0.0916030534351145,0.09923664122137404,-0.11329617012490967,-0.041292453804067306,0.9972127593682254,
1631999081.3036718,-1.9541984732824427,0.10687022900763359,0.09923664122137404,-0.11458655930628676,-0.03174357386187674,1.0036647052751109,
1631999081.403818,1.9465648854961832,0.09923664122137404,0.0916030534351145,-0.10761845772685041,-0.03148549602560132,0.9778569216475689,
1631999081.503981,-0.030534351145038167,0.10687022900763359,0.09923664122137404,-0.10013420047486321,-0.04464746567564777,0.9899865799525136,
1631999081.604232,1.916030534351145,0.1297709923664122,0.12213740458015267,-0.102456901001342,-0.045937854857024875,0.9974708372045008,
1631999081.7043865,-0.022900763358778626,0.09923664122137404,0.10687022900763359,-0.10710230205429958,-0.024001238773614122,0.9819861670279756,
1631999081.8045406,1.9465648854961832,0.10687022900763359,0.07633587786259542,-0.12568390626612985,-0.029420873335397956,1.0003096934035305,
1631999081.9047067,0.0,0.0916030534351145,0.08396946564885496,-0.11742541550531639,-0.04077629813151647,1.004955094456488,
1631999082.0048523,-0.015267175572519083,0.09923664122137404,0.0916030534351145,-0.11252193661608341,-0.03819551976876226,0.9925673583152679,
1631999082.1050005,-1.9541984732824427,0.10687022900763359,0.07633587786259542,-0.11974811603179518,-0.021678538247135334,1.0008258490760813,
1631999082.2051668,-1.9541984732824427,0.0916030534351145,0.11450381679389313,-0.12852276246515948,-0.009032724269639723,0.979147310828946,
1631999082.3053303,-1.9541984732824427,0.06870229007633588,0.07633587786259542,-0.11407040363373593,-0.036647052751109736,1.0057293279653143,
1631999082.405476,-1.9541984732824427,0.10687022900763359,0.0916030534351145,-0.11329617012490967,-0.03484050789718179,1.001858160421183,
1631999082.5056212,-0.007633587786259542,0.10687022900763359,0.08396946564885496,-0.1161350263239393,-0.024001238773614122,0.9879219572623102,
1631999082.605774,-1.9541984732824427,0.12213740458015267,0.11450381679389313,-0.10555383503664705,-0.03974398678641478,0.9943739031691958,
1631999082.7059371,-0.022900763358778626,0.12213740458015267,0.11450381679389313,-0.107360379890575,-0.04929286672860535,0.9972127593682254,
1631999082.8060856,-0.015267175572519083,0.08396946564885496,0.09923664122137404,-0.09961804480231237,-0.03638897491483431,0.9899865799525136,
1631999082.906233,-0.030534351145038167,0.0916030534351145,0.11450381679389313,-0.1161350263239393,-0.02322700526478786,0.9961804480231238,
1631999083.0063996,-0.007633587786259542,0.11450381679389313,0.1297709923664122,-0.10348921234644368,-0.018323526375554868,1.0072777949829668,
1631999083.1065538,-0.007633587786259542,0.09923664122137404,0.09923664122137404,-0.10219882316506658,-0.04284092082171983,1.0041808609476617,
1631999083.206869,-1.9312977099236641,0.10687022900763359,0.0916030534351145,-0.11561887065138846,-0.017291215030453184,0.9745019097759884,
1631999083.3070145,-0.015267175572519083,0.11450381679389313,0.10687022900763359,-0.09961804480231237,-0.04490554351192319,0.9917931248064416,
1631999083.40718,0.0,0.11450381679389313,0.0916030534351145,-0.12955507381026116,-0.04309899865799525,0.9770826881387425,
1631999083.5073364,-0.022900763358778626,0.11450381679389313,0.0916030534351145,-0.11019923608960462,-0.04387323216682151,1.0057293279653143,
1631999083.6075563,-0.007633587786259542,0.08396946564885496,0.12213740458015267,-0.10039227831113863,-0.02787240631774543,0.9812119335191494,
1631999083.7077003,-0.007633587786259542,0.11450381679389313,0.10687022900763359,-0.11716733766904097,-0.04232476514916899,1.0021162382574584,
1631999083.80787,-0.022900763358778626,0.0916030534351145,0.0916030534351145,-0.11561887065138846,-0.03200165169815216,0.9992773820584288,
1631999083.908032,-0.015267175572519083,0.0916030534351145,0.10687022900763359,-0.12929699597398575,-0.033292040879529264,0.987147723753484,
1631999084.0081804,0.0,0.11450381679389313,0.10687022900763359,-0.11071539176215546,-0.02735625064519459,0.9835346340456281,
1631999084.1083264,-0.007633587786259542,0.12213740458015267,0.10687022900763359,-0.1262000619386807,-0.04826055538350366,0.9886961907711366,
1631999084.2084954,0.007633587786259542,0.10687022900763359,0.12213740458015267,-0.1148446371425622,-0.029420873335397956,1.0072777949829668,
1631999084.308661,0.007633587786259542,0.09923664122137404,0.10687022900763359,-0.10271497883761742,-0.02684009497264375,0.9825023227005264,
1631999084.408815,-1.9541984732824427,0.11450381679389313,0.09923664122137404,-0.11716733766904097,-0.03200165169815216,0.9747599876122638,
1631999084.508964,0.007633587786259542,0.0916030534351145,0.09923664122137404,-0.11458655930628676,-0.025549705791266645,0.9907608134613399,
1631999084.6091285,-0.015267175572519083,0.1450381679389313,0.09923664122137404,-0.10839269123567667,-0.06348714772375348,0.9768246103024671,
1631999084.709266,0.0,0.13740458015267176,0.12213740458015267,-0.12439351708475276,-0.025807783627542064,1.0421183028801486,
1631999084.8094273,0.061068702290076333,-0.022900763358778626,0.17557251908396945,-0.1659440487250955,-0.0338081965520801,1.049086404459585,
1631999084.9095798,0.03816793893129771,0.007633587786259542,-0.015267175572519083,-0.16465365954371838,-0.06735831526788479,1.0142458965624033,
1631999085.009774,1.9465648854961832,0.16030534351145037,0.16030534351145037,-0.11148962527098172,-0.030453184680499637,0.9466295034582429,
1631999085.1099355,1.9236641221374047,0.09923664122137404,0.04580152671755725,-0.13394239702694333,-0.04671208836585114,0.9933415918240941,
1631999085.210103,-0.007633587786259542,0.030534351145038167,0.0916030534351145,-0.10606999070919788,-0.0036130897078558892,1.0302467224114793,
1631999085.3102713,0.030534351145038167,0.0916030534351145,0.1450381679389313,-0.1587178693093837,0.009806957778465984,0.9773407659750181,
1631999085.410471,0.007633587786259542,0.07633587786259542,0.13740458015267176,-0.08645607515226592,-0.047744399710952824,0.9907608134613399,
1631999085.510615,-0.03816793893129771,0.06870229007633588,0.06870229007633588,-0.12284505006710023,-0.004645401052957572,1.0178589862702592,
1631999085.6107602,-0.030534351145038167,0.08396946564885496,0.11450381679389313,-0.125167750593579,-0.02322700526478786,0.9954062145142974,
1631999085.710933,0.007633587786259542,0.10687022900763359,0.08396946564885496,-0.10813461339940125,-0.02425931660988954,0.9894704242799628,
1631999085.81109,1.9389312977099236,0.09923664122137404,0.0916030534351145,-0.11329617012490967,-0.01909775988438113,0.9763084546299163,
1631999085.9112606,0.0,0.08396946564885496,0.09923664122137404,-0.12232889439454939,-0.02787240631774543,1.0059874058015896,
1631999086.0114157,-1.9389312977099236,0.09923664122137404,0.11450381679389313,-0.10477960152782079,-0.028904717662847114,0.9930835139878187,
1631999086.111584,0.007633587786259542,0.08396946564885496,0.0916030534351145,-0.10658614638174874,-0.01212965830494477,0.9987612263858779,
1631999086.2117476,0.015267175572519083,0.10687022900763359,0.10687022900763359,-0.10271497883761742,-0.005161556725508413,0.9954062145142974,
1631999086.3118944,1.9236641221374047,0.061068702290076333,0.06870229007633588,-0.10013420047486321,-0.025291627954991226,1.0173428305977081,
1631999086.4120398,-1.9541984732824427,0.015267175572519083,0.03816793893129771,-0.15200784556622277,-0.021936616083410757,1.0083101063280684,
1631999086.5122025,0.022900763358778626,0.04580152671755725,0.12213740458015267,-0.21317229276349747,-0.017291215030453184,1.0372148239909156,
1631999086.6123562,0.030534351145038167,0.1450381679389313,0.0916030534351145,-0.01987199339320739,0.01548467017652524,0.9561783834004335,
1631999086.7124987,-0.04580152671755725,0.03816793893129771,0.04580152671755725,-0.15949210281820997,-0.033292040879529264,1.0274078662124497,
1631999086.8127131,-1.9312977099236641,0.16030534351145037,0.15267175572519084,-0.0686487044492619,-0.043615154330546094,0.9711468979044079,
1631999086.9128804,-0.06870229007633588,0.11450381679389313,0.13740458015267176,-0.09084339836894807,-0.04697016620212656,0.9879219572623102,
1631999087.0130239,-0.08396946564885496,1.8931297709923665,0.08396946564885496,-0.144781666150511,-0.01212965830494477,1.073087643233199,
1631999087.1131697,-0.007633587786259542,0.0916030534351145,0.13740458015267176,-0.0849076081346134,-0.045937854857024875,0.9964385258593992,
1631999087.2133198,-0.03816793893129771,0.05343511450381679,0.1297709923664122,-0.11458655930628676,-0.008774646433364302,1.020181686796738,
1631999087.313487,0.007633587786259542,0.0916030534351145,0.08396946564885496,-0.11071539176215546,-0.02322700526478786,0.9938577474966449,
1631999087.413632,-1.9465648854961832,0.08396946564885496,0.10687022900763359,-0.11226385877980799,-0.03432435222463095,1.0044389387839372,
1631999087.5138102,1.9465648854961832,0.10687022900763359,0.08396946564885496,-0.10374729018271911,-0.03458243006090637,0.9894704242799628,
1631999087.6139793,-0.022900763358778626,0.09923664122137404,0.06870229007633588,-0.1138123257974605,-0.048002477547228244,0.9745019097759884,
1631999087.714309,1.9465648854961832,0.03816793893129771,0.11450381679389313,-0.18478373077320118,-0.04077629813151647,1.0052131722927635,
1631999087.8144915,0.06870229007633588,0.06870229007633588,0.11450381679389313,-0.13678125322597295,-0.043615154330546094,1.0103747290182719,
1631999087.914647,-0.03816793893129771,1.9389312977099236,0.030534351145038167,-0.1287808403014349,-0.04051822029524104,1.0199236089604624,
1631999088.0148275,-0.03816793893129771,0.1297709923664122,0.06870229007633588,-0.11949003819551976,0.0033550118715804686,0.9714049757406833,
1631999088.11498,0.05343511450381679,0.0916030534351145,0.15267175572519084,-0.010065035614741405,-0.04645401052957572,0.9471456591307938,
1631999088.2151473,-0.13740458015267176,0.12213740458015267,1.9465648854961832,-0.0812945184267575,0.02684009497264375,1.0021162382574584,
1631999088.3153012,-1.9312977099236641,0.030534351145038167,0.09923664122137404,-0.139878187261278,-0.09574687725818107,0.9892123464436874,
1631999088.415466,0.03816793893129771,0.1297709923664122,0.17557251908396945,-0.09110147620522349,-0.0387116754413131,0.9677918860328275,
1631999088.515776,0.04580152671755725,0.11450381679389313,0.11450381679389313,-0.07639103953752452,-0.04051822029524104,0.9605657066171157,
1631999088.6159222,0.007633587786259542,0.0916030534351145,0.0916030534351145,-0.14762052234954062,-0.0028388561990296273,0.9990193042221533,
1631999088.7160676,-0.030534351145038167,0.09923664122137404,0.09923664122137404,-0.10297305667389284,-0.00387116754413131,0.9832765562093527,
1631999088.8162363,-1.9541984732824427,0.11450381679389313,0.08396946564885496,-0.12078042737689687,-0.035098585733457206,0.9750180654485392,
1631999088.9164035,-1.9465648854961832,0.12213740458015267,0.10687022900763359,-0.11845772685041808,-0.01909775988438113,0.9966966036956746,
1631999089.0165586,0.015267175572519083,0.0916030534351145,0.0916030534351145,-0.10787653556312583,-0.025291627954991226,1.001342004748632,
1631999089.1167276,1.9465648854961832,0.09923664122137404,0.09923664122137404,-0.11897388252296892,-0.02425931660988954,0.9850831010632807,
1631999089.2168918,0.007633587786259542,0.08396946564885496,0.09923664122137404,-0.10039227831113863,-0.02348508310106328,0.9775988438112935,
1631999089.3170383,1.9465648854961832,0.09923664122137404,0.09923664122137404,-0.13187777433673994,-0.01987199339320739,1.0016000825849076,
1631999089.4171798,1.9312977099236641,0.10687022900763359,0.08396946564885496,-0.10374729018271911,-0.04232476514916899,0.9972127593682254,
1631999089.5173273,-0.007633587786259542,0.11450381679389313,0.08396946564885496,-0.11742541550531639,-0.024001238773614122,0.9997935377309796,
1631999089.6176417,-1.9541984732824427,0.08396946564885496,0.11450381679389313,-0.10039227831113863,-0.03561474140600805,0.9982450707133271,
1631999089.7177851,-0.030534351145038167,0.0916030534351145,0.11450381679389313,-0.10890884690822751,-0.04335707649427067,0.9863734902446577,
1631999089.81797,1.9312977099236641,0.0916030534351145,0.09923664122137404,-0.12181273872199855,-0.03974398678641478,0.9961804480231238,
1631999089.9181323,0.022900763358778626,0.08396946564885496,0.0916030534351145,-0.11819964901414266,-0.036647052751109736,0.9809538556828739,
1631999090.0184436,0.007633587786259542,0.0916030534351145,0.08396946564885496,-0.10194074532879116,-0.020388149065758233,0.9832765562093527,
1631999090.1186225,-1.9389312977099236,0.08396946564885496,0.08396946564885496,-0.10710230205429958,-0.047744399710952824,0.9943739031691958,
1631999090.218786,-0.015267175572519083,0.0916030534351145,0.0916030534351145,-0.13058738515536286,-0.030453184680499637,0.9837927118819035,
1631999090.319514,-0.03816793893129771,0.0916030534351145,0.09923664122137404,-0.10581191287292246,-0.04051822029524104,0.995148136678022,
1631999090.4196818,-0.007633587786259542,0.0916030534351145,0.10687022900763359,-0.10684422421802416,-0.04929286672860535,0.9788892329926705,
1631999090.5198326,-0.015267175572519083,0.0916030534351145,0.11450381679389313,-0.09935996696603695,-0.029678951171673375,0.9876638794260348,
1631999090.619984,-0.03816793893129771,0.0916030534351145,0.09923664122137404,-0.11278001445235883,-0.03948590895013936,0.9850831010632807,
1631999090.7201643,0.007633587786259542,0.12213740458015267,0.0916030534351145,-0.1099411582533292,-0.03096934035305048,1.0072777949829668,
1631999090.8203356,-0.015267175572519083,0.10687022900763359,0.07633587786259542,-0.10219882316506658,-0.036647052751109736,1.0054712501290388,
1631999090.92049,0.0,0.0916030534351145,0.09923664122137404,-0.12774852895633323,-0.03096934035305048,0.9817280891917002,
1631999090.92049,0.0,0.0916030534351145,0.09923664122137404,-0.12774852895633323,-0.03096934035305048,0.9817280891917002,
1631999091.1208167,-1.9465648854961832,0.10687022900763359,0.09923664122137404,-0.1225869722308248,-0.02425931660988954,0.9959223701868483,
1631999091.2209773,-0.007633587786259542,0.11450381679389313,0.08396946564885496,-0.10890884690822751,-0.021936616083410757,0.9817280891917002,
1631999091.321124,-1.9389312977099236,0.10687022900763359,0.11450381679389313,-0.1112315474347063,-0.029420873335397956,1.0036647052751109,
1631999091.4212856,-1.9465648854961832,0.0916030534351145,0.10687022900763359,-0.12155466088572313,-0.04645401052957572,0.9817280891917002,
1631999091.5214357,0.015267175572519083,0.09923664122137404,0.12213740458015267,-0.1262000619386807,-0.004387323216682151,0.9992773820584288,
1631999091.6216028,0.015267175572519083,0.08396946564885496,0.10687022900763359,-0.11639310416021471,-0.03148549602560132,0.9987612263858779,
1631999091.7217498,0.015267175572519083,0.08396946564885496,0.09923664122137404,-0.11587694848766388,-0.02684009497264375,0.9954062145142974,
1631999091.821922,-0.015267175572519083,0.09923664122137404,0.0916030534351145,-0.11639310416021471,-0.045421699184474036,1.0072777949829668,
1631999091.922087,1.9389312977099236,0.09923664122137404,0.0916030534351145,-0.107360379890575,-0.03200165169815216,0.9964385258593992,
1631999092.0222385,-0.007633587786259542,0.13740458015267176,0.09923664122137404,-0.12310312790337566,-0.037163208423660575,1.004955094456488,
1631999092.1224046,-0.022900763358778626,0.11450381679389313,0.0916030534351145,-0.1112315474347063,-0.021162382574584495,1.0026323939300092,
1631999092.22258,-0.022900763358778626,0.1297709923664122,0.1297709923664122,-0.11278001445235883,-0.01987199339320739,0.9935996696603695,
1631999092.3227375,1.9389312977099236,0.0916030534351145,0.10687022900763359,-0.12026427170434603,-0.00800041292453804,0.9832765562093527,
1631999092.4228797,0.007633587786259542,0.10687022900763359,0.10687022900763359,-0.1274904511200578,-0.03174357386187674,1.0054712501290388,
1631999092.5230293,-0.022900763358778626,0.12213740458015267,0.09923664122137404,-0.1161350263239393,-0.03974398678641478,1.0072777949829668,
1631999092.6231902,-0.007633587786259542,0.08396946564885496,0.09923664122137404,-0.13084546299163827,-0.04826055538350366,0.9905027356250645,
1631999092.7233531,-0.007633587786259542,0.08396946564885496,0.09923664122137404,-0.10452152369154537,-0.03819551976876226,1.0054712501290388,
1631999092.823497,-0.015267175572519083,0.08396946564885496,0.11450381679389313,-0.11355424796118509,-0.03355011871580468,1.001342004748632,
1631999092.9236436,-0.022900763358778626,0.08396946564885496,0.09923664122137404,-0.11355424796118509,-0.01987199339320739,1.0235366986683183,
1631999093.0238209,0.007633587786259542,0.11450381679389313,0.09923664122137404,-0.10813461339940125,-0.018839682048105707,0.9879219572623102,
1631999093.123991,-0.007633587786259542,0.11450381679389313,0.11450381679389313,-0.12310312790337566,-0.025033550118715803,0.9907608134613399,
1631999093.2241673,-0.015267175572519083,0.09923664122137404,0.10687022900763359,-0.09935996696603695,-0.024001238773614122,0.995148136678022,
1631999093.3243325,1.9465648854961832,0.0916030534351145,0.08396946564885496,-0.1287808403014349,-0.024001238773614122,0.9972127593682254,
1631999093.424486,-0.007633587786259542,0.11450381679389313,0.12213740458015267,-0.11794157117786724,-0.06477753690513058,0.9964385258593992,
1631999093.5246456,-1.9465648854961832,0.0916030534351145,0.08396946564885496,-0.10916692474450293,-0.030195106844224218,0.9966966036956746,
1631999093.6247954,1.9465648854961832,0.09923664122137404,0.11450381679389313,-0.10323113451016826,-0.02787240631774543,0.9745019097759884,
1631999093.7249649,0.007633587786259542,0.10687022900763359,0.10687022900763359,-0.10813461339940125,-0.00774233508826262,1.0008258490760813,
1631999093.8251173,-0.030534351145038167,0.10687022900763359,0.09923664122137404,-0.1161350263239393,-0.03845359760503768,1.0039227831113864,
1631999093.9252844,-0.022900763358778626,0.0916030534351145,0.11450381679389313,-0.11329617012490967,-0.04309899865799525,1.0065035614741407,
1631999094.0254397,1.9312977099236641,0.10687022900763359,0.09923664122137404,-0.1262000619386807,-0.022452771755961595,0.9943739031691958,
1631999094.125611,-0.007633587786259542,0.10687022900763359,0.10687022900763359,-0.10323113451016826,-0.025033550118715803,0.9835346340456281,
1631999094.2257829,0.015267175572519083,0.09923664122137404,0.10687022900763359,-0.11407040363373593,-0.032775885206978425,0.990244657788789,
1631999094.3259172,1.9465648854961832,0.09923664122137404,0.09923664122137404,-0.1099411582533292,-0.041550531640342725,1.0010839269123568,
1631999094.426062,-0.007633587786259542,0.10687022900763359,0.10687022900763359,-0.11329617012490967,-0.046195932693300294,0.9806957778465984,
1631999094.5264277,-0.03816793893129771,0.0916030534351145,0.11450381679389313,-0.11097346959843088,-0.029678951171673375,0.990244657788789,
1631999094.6266818,-0.022900763358778626,0.08396946564885496,0.0916030534351145,-0.1274904511200578,-0.03148549602560132,0.9910188912976153,
1631999094.7268314,-0.022900763358778626,0.0916030534351145,0.10687022900763359,-0.10529575720037163,-0.029162795499122533,1.0003096934035305,
1631999094.8269746,-0.015267175572519083,0.09923664122137404,0.09923664122137404,-0.11432848147001134,-0.04077629813151647,0.9763084546299163,
1631999094.9271538,-0.007633587786259542,0.12213740458015267,0.12213740458015267,-0.11148962527098172,-0.017033137194177764,0.9974708372045008,
1631999095.0273156,-0.015267175572519083,0.10687022900763359,0.10687022900763359,-0.11794157117786724,-0.030195106844224218,0.9876638794260348,
1631999095.1274652,0.007633587786259542,0.10687022900763359,0.11450381679389313,-0.102456901001342,-0.02684009497264375,0.9954062145142974,
1631999095.2276454,-0.022900763358778626,0.10687022900763359,0.09923664122137404,-0.10348921234644368,-0.047744399710952824,0.9943739031691958,
1631999095.3278224,-0.04580152671755725,0.10687022900763359,0.08396946564885496,-0.09987612263858779,-0.042066687312893564,1.0072777949829668,
1631999095.4279885,-0.015267175572519083,0.0916030534351145,0.09923664122137404,-0.10658614638174874,-0.021678538247135334,0.9925673583152679,
1631999095.5281322,0.007633587786259542,0.09923664122137404,0.10687022900763359,-0.12645813977495612,-0.0487767110560545,1.0059874058015896,
1631999095.6283002,-1.9541984732824427,0.10687022900763359,0.0916030534351145,-0.11407040363373593,-0.0036130897078558892,1.0005677712398058,
1631999095.7284524,-0.015267175572519083,0.0916030534351145,0.10687022900763359,-0.1311035408279137,-0.0312274181893259,0.9979869928770517,
1631999095.8286133,-0.007633587786259542,0.07633587786259542,0.12213740458015267,-0.11148962527098172,-0.020388149065758233,0.9806957778465984,
1631999095.9287608,-1.9541984732824427,0.0916030534351145,0.0916030534351145,-0.09935996696603695,-0.03200165169815216,0.9819861670279756,
1631999096.0289266,-0.015267175572519083,0.08396946564885496,0.0916030534351145,-0.11071539176215546,-0.02425931660988954,1.0034066274388356,
1631999096.1290746,-0.04580152671755725,0.09923664122137404,0.08396946564885496,-0.12903891813771032,-0.04051822029524104,0.995148136678022,
1631999096.2292378,-0.015267175572519083,0.1297709923664122,0.09923664122137404,-0.12052234954062145,-0.029162795499122533,0.9979869928770517,
1631999096.3293886,-0.030534351145038167,0.061068702290076333,0.10687022900763359,-0.12387736141220192,-0.041808609476618144,1.001858160421183,
1631999096.4295583,0.007633587786259542,0.03816793893129771,0.03816793893129771,-0.13549086404459584,-0.041034375967791886,1.0028904717662848,
1631999096.529725,1.9465648854961832,0.20610687022900764,0.0916030534351145,-0.11458655930628676,0.013678125322597295,0.9135955404149891,
1631999096.6298676,0.07633587786259542,0.11450381679389313,0.12213740458015267,-0.08155259626303293,-0.06555177041395685,0.9879219572623102,
1631999096.7301316,0.022900763358778626,0.015267175572519083,0.09923664122137404,-0.12439351708475276,-0.07200371632084236,0.9757922989573655,
1631999096.8302968,-0.19083969465648856,1.9465648854961832,0.11450381679389313,-0.18555796428202745,-0.09884381129348611,1.047279859605657,
1631999096.9304595,0.04580152671755725,0.007633587786259542,0.13740458015267176,-0.08284298544441003,-0.01548467017652524,1.0132135852173014,
1631999097.030605,0.007633587786259542,0.16793893129770993,0.015267175572519083,-0.09884381129348611,-0.048002477547228244,0.9458552699494167,
1631999097.1307523,1.9465648854961832,-0.03816793893129771,0.10687022900763359,-0.21472075978115,-0.07226179415711778,1.0186332197790853,
1631999097.230928,0.022900763358778626,0.08396946564885496,0.06870229007633588,-0.13910395375245174,-0.02322700526478786,0.9786311551563951,
1631999097.3310971,-0.030534351145038167,0.11450381679389313,0.10687022900763359,-0.0936822545679777,-0.03561474140600805,1.0083101063280684,
1631999097.431239,-0.015267175572519083,0.0916030534351145,0.07633587786259542,-0.12207081655827397,-0.018323526375554868,0.9930835139878187,
1631999097.5313866,-1.9465648854961832,0.08396946564885496,0.0916030534351145,-0.10916692474450293,-0.03922783111386394,0.9832765562093527,
1631999097.6315362,-1.9541984732824427,0.09923664122137404,0.0916030534351145,-0.12826468462888407,-0.02322700526478786,0.9876638794260348,
1631999097.7317028,0.0,0.08396946564885496,0.09923664122137404,-0.11794157117786724,-0.013936203158872715,0.9825023227005264,
1631999097.8318691,1.9389312977099236,0.08396946564885496,0.10687022900763359,-0.10890884690822751,-0.0025807783627542066,1.0010839269123568,
1631999097.932033,0.015267175572519083,0.10687022900763359,0.10687022900763359,-0.10477960152782079,-0.016516981521626922,0.9964385258593992,
1631999098.0321932,-0.022900763358778626,0.11450381679389313,0.09923664122137404,-0.13187777433673994,-0.03174357386187674,0.9977289150407762,
1631999098.132369,-0.015267175572519083,0.10687022900763359,0.11450381679389313,-0.11355424796118509,-0.04722824403840198,1.004955094456488,
1631999098.2325397,-0.022900763358778626,0.11450381679389313,0.11450381679389313,-0.12181273872199855,-0.04051822029524104,0.9928254361515433,
1631999098.3327036,1.9389312977099236,0.11450381679389313,0.10687022900763359,-0.13187777433673994,-0.020388149065758233,0.9954062145142974,
1631999098.432874,0.0,0.0916030534351145,0.10687022900763359,-0.11510271497883762,-0.045421699184474036,0.9845669453907298,
1631999098.5330212,0.030534351145038167,0.10687022900763359,0.06870229007633588,-0.11639310416021471,-0.014710436667698978,0.9925673583152679,
1631999098.633159,-0.007633587786259542,0.09923664122137404,0.10687022900763359,-0.11045731392588004,-0.005935790234334675,1.0072777949829668,
1631999098.733328,-1.9541984732824427,0.09923664122137404,0.08396946564885496,-0.11097346959843088,-0.052131722927634974,0.9752761432848146,
1631999098.8334959,1.9465648854961832,0.11450381679389313,0.10687022900763359,-0.11716733766904097,-0.03587281924228347,1.0016000825849076,
1631999098.9336438,1.9465648854961832,0.0916030534351145,0.10687022900763359,-0.10194074532879116,-0.030711262516775056,1.006761639310416,
1631999099.0337882,-0.007633587786259542,0.10687022900763359,0.10687022900763359,-0.12232889439454939,-0.02684009497264375,0.9827604005368018,
1631999099.1339574,-0.05343511450381679,0.10687022900763359,0.10687022900763359,-0.11329617012490967,-0.05987405801589759,1.0008258490760813,
1631999099.2341223,-0.03816793893129771,0.11450381679389313,0.09923664122137404,-0.12052234954062145,-0.02761432848147001,0.9899865799525136,
1631999099.3342729,-0.03816793893129771,0.08396946564885496,0.10687022900763359,-0.11226385877980799,-0.0400020646226902,1.0093424176731702,
1631999099.4344275,-0.007633587786259542,0.09923664122137404,0.10687022900763359,-0.11303809228863425,-0.030711262516775056,1.0054712501290388,
1631999099.5345998,-0.007633587786259542,0.08396946564885496,0.0916030534351145,-0.11897388252296892,-0.03406627438835553,0.9757922989573655,
1631999099.634861,-1.9465648854961832,0.0916030534351145,0.08396946564885496,-0.1298131516465366,-0.025549705791266645,0.9760503767936409,
1631999099.7350092,-0.007633587786259542,0.0916030534351145,0.11450381679389313,-0.11278001445235883,-0.06168060286982554,0.9907608134613399,
1631999099.8351696,-0.007633587786259542,0.08396946564885496,0.10687022900763359,-0.11974811603179518,-0.021936616083410757,1.0065035614741407,
1631999099.9358118,-0.022900763358778626,0.1297709923664122,0.10687022900763359,-0.1187158046866935,-0.06503561474140601,0.9770826881387425,
1631999100.0359745,-1.9465648854961832,0.12213740458015267,0.09923664122137404,-0.13032930731908743,-0.01212965830494477,0.9982450707133271,
1631999100.136148,-0.015267175572519083,0.10687022900763359,0.10687022900763359,-0.11200578094353257,-0.0387116754413131,0.9972127593682254,
1631999100.2363148,1.9312977099236641,0.10687022900763359,0.12213740458015267,-0.1200061938680706,-0.04077629813151647,1.0044389387839372,
1631999100.3364923,0.015267175572519083,0.10687022900763359,0.06870229007633588,-0.13084546299163827,-0.029420873335397956,0.9992773820584288,
1631999100.4366581,-0.03816793893129771,0.09923664122137404,0.10687022900763359,-0.09961804480231237,-0.052131722927634974,1.00314854960256,
1631999100.5368087,-0.007633587786259542,0.08396946564885496,0.12213740458015267,-0.10348921234644368,-0.03355011871580468,0.9956642923505729,
1631999100.6369822,0.007633587786259542,0.10687022900763359,0.09923664122137404,-0.09961804480231237,-0.02425931660988954,0.9907608134613399,
1631999100.737147,1.9312977099236641,0.09923664122137404,0.10687022900763359,-0.12774852895633323,-0.021162382574584495,0.9809538556828739,
1631999100.8372936,-0.05343511450381679,0.06870229007633588,0.0916030534351145,-0.10271497883761742,-0.042066687312893564,0.9992773820584288,
1631999100.9374444,-0.03816793893129771,0.09923664122137404,0.07633587786259542,-0.12181273872199855,-0.036647052751109736,0.9946319810054712,
1631999101.0376084,-0.015267175572519083,0.10687022900763359,0.11450381679389313,-0.11355424796118509,-0.021420460410859914,0.9763084546299163,
1631999101.13778,-1.9541984732824427,0.11450381679389313,0.10687022900763359,-0.1063280685454733,-0.04516362134819862,1.0070197171466915,
1631999101.2379475,-0.015267175572519083,0.07633587786259542,0.09923664122137404,-0.10168266749251574,-0.04309899865799525,1.006761639310416,
1631999101.3380964,0.022900763358778626,0.10687022900763359,0.08396946564885496,-0.11045731392588004,-0.02451739444616496,0.9923092804789925,
1631999101.4382713,1.9389312977099236,0.1297709923664122,0.10687022900763359,-0.11252193661608341,-0.036905130587385156,0.9894704242799628,
1631999101.5384433,1.9389312977099236,0.10687022900763359,0.09923664122137404,-0.11174770310725714,-0.036647052751109736,0.9948900588417466,
1631999101.6385946,-0.015267175572519083,0.09923664122137404,0.10687022900763359,-0.10865076907195209,-0.03406627438835553,1.0054712501290388,
1631999101.7387595,-0.015267175572519083,0.10687022900763359,0.0916030534351145,-0.12697429544750696,-0.04438938783937235,0.9933415918240941,
1631999101.8389328,-1.9389312977099236,0.12213740458015267,0.08396946564885496,-0.11045731392588004,-0.041292453804067306,0.9886961907711366,
1631999101.9390938,-0.022900763358778626,0.0916030534351145,0.0916030534351145,-0.12181273872199855,-0.045679777020749456,0.9917931248064416,
1631999102.0392396,-0.022900763358778626,0.0916030534351145,0.12213740458015267,-0.10968308041705378,-0.028130484154020852,1.004955094456488,
1631999102.139407,-0.007633587786259542,0.0916030534351145,0.11450381679389313,-0.12826468462888407,-0.026323939300092906,0.9768246103024671,
1631999102.2395763,-0.015267175572519083,0.08396946564885496,0.11450381679389313,-0.11407040363373593,-0.0312274181893259,0.9845669453907298,
1631999102.3397393,-1.9465648854961832,0.10687022900763359,0.07633587786259542,-0.11768349334159182,-0.033292040879529264,1.0005677712398058,
1631999102.4398901,0.015267175572519083,0.09923664122137404,0.10687022900763359,-0.11845772685041808,-0.029937029007948795,0.982244244864251,
1631999102.5400553,1.9236641221374047,0.08396946564885496,0.11450381679389313,-0.10916692474450293,-0.04335707649427067,0.9897285021162382,
1631999102.6402225,-0.015267175572519083,0.08396946564885496,0.12213740458015267,-0.11768349334159182,-0.01987199339320739,0.9972127593682254,
1631999102.740368,-0.015267175572519083,0.09923664122137404,0.11450381679389313,-0.12052234954062145,-0.012903891813771032,0.9783730773201197,
1631999102.8405333,1.9389312977099236,0.08396946564885496,0.0916030534351145,-0.12568390626612985,-0.04335707649427067,0.9752761432848146,
1631999102.9407015,-0.022900763358778626,0.06870229007633588,0.09923664122137404,-0.13032930731908743,-0.04671208836585114,0.9943739031691958,
1631999103.0408707,1.9389312977099236,0.0916030534351145,0.09923664122137404,-0.10374729018271911,-0.012645813977495613,0.9954062145142974,
1631999103.141033,-1.9465648854961832,0.10687022900763359,0.09923664122137404,-0.12103850521317229,-0.04258284298544441,0.9809538556828739,
1631999103.2411973,-0.007633587786259542,0.0916030534351145,0.09923664122137404,-0.1200061938680706,-0.03458243006090637,0.9907608134613399,
1631999103.3413594,-0.007633587786259542,0.0916030534351145,0.08396946564885496,-0.10374729018271911,-0.041808609476618144,0.9781149994838443,
1631999103.4415357,0.030534351145038167,0.09923664122137404,0.0916030534351145,-0.09961804480231237,-0.018323526375554868,0.9874058015897594,
1631999103.5417144,-1.9465648854961832,0.12213740458015267,0.09923664122137404,-0.10890884690822751,-0.021936616083410757,0.9786311551563951,
1631999103.6418846,-0.022900763358778626,0.10687022900763359,0.10687022900763359,-0.11845772685041808,-0.018581604211830288,0.9987612263858779,
1631999103.742167,-0.015267175572519083,0.06870229007633588,0.0916030534351145,-0.11355424796118509,-0.04955094456488077,0.9987612263858779,
1631999103.842442,-0.022900763358778626,0.11450381679389313,0.0916030534351145,-0.11768349334159182,-0.025807783627542064,0.995148136678022,
1631999103.9427009,1.9465648854961832,0.0916030534351145,0.09923664122137404,-0.11148962527098172,-0.04258284298544441,0.9946319810054712,
1631999104.0428765,-1.9389312977099236,0.09923664122137404,0.10687022900763359,-0.12465159492102817,-0.04722824403840198,0.9982450707133271,
1631999104.1430302,-1.9465648854961832,0.12213740458015267,0.11450381679389313,-0.12103850521317229,-0.04464746567564777,1.0023743160937337,
1631999104.2431927,0.007633587786259542,0.0916030534351145,0.10687022900763359,-0.11432848147001134,-0.017549292866728603,0.9817280891917002,
1631999104.34333,0.022900763358778626,0.10687022900763359,0.09923664122137404,-0.11639310416021471,-0.022452771755961595,0.9977289150407762,
1631999104.443482,-0.015267175572519083,0.08396946564885496,0.09923664122137404,-0.10839269123567667,-0.046195932693300294,0.9765665324661917,
1631999104.543646,0.007633587786259542,0.08396946564885496,0.10687022900763359,-0.11510271497883762,-0.030453184680499637,0.9954062145142974,
1631999104.6438437,-0.015267175572519083,0.1297709923664122,0.09923664122137404,-0.09935996696603695,-0.04464746567564777,0.9941158253329203,
1631999104.7441432,0.015267175572519083,0.13740458015267176,0.10687022900763359,-0.11355424796118509,-0.017291215030453184,0.9866315680809331,
1631999104.8443108,-0.015267175572519083,0.11450381679389313,0.09923664122137404,-0.1187158046866935,-0.04697016620212656,0.9966966036956746,
1631999104.944475,0.007633587786259542,0.1297709923664122,0.0916030534351145,-0.11794157117786724,-0.03355011871580468,1.0016000825849076,
1631999105.0446239,-1.9465648854961832,0.11450381679389313,0.10687022900763359,-0.12439351708475276,-0.029162795499122533,0.9799215443377722,
1631999105.1447735,1.9465648854961832,0.061068702290076333,0.10687022900763359,-0.11252193661608341,-0.0387116754413131,1.0046970166202127,
1631999105.2449434,-0.015267175572519083,0.10687022900763359,0.0916030534351145,-0.10710230205429958,-0.018581604211830288,1.0054712501290388,
1631999105.3451128,-0.015267175572519083,0.0916030534351145,0.12213740458015267,-0.10761845772685041,-0.03974398678641478,0.9843088675544543,
1631999105.4452677,-0.015267175572519083,0.10687022900763359,0.10687022900763359,-0.11174770310725714,-0.03225972953442758,0.9917931248064416,
1631999105.545482,1.9465648854961832,0.0916030534351145,0.09923664122137404,-0.10890884690822751,-0.026323939300092906,1.0052131722927635,
1631999105.64565,-0.030534351145038167,0.0916030534351145,0.07633587786259542,-0.12310312790337566,-0.021162382574584495,0.99695468153195,
1631999105.7458193,0.0,0.09923664122137404,0.11450381679389313,-0.10090843398368948,-0.025291627954991226,0.992051202642717,
1631999105.845966,0.015267175572519083,0.0916030534351145,0.10687022900763359,-0.1011665118199649,-0.03922783111386394,0.9928254361515433,
1631999105.946128,0.0,0.09923664122137404,0.08396946564885496,-0.10219882316506658,-0.021678538247135334,1.0052131722927635,
1631999106.046279,0.015267175572519083,0.09923664122137404,0.09923664122137404,-0.11355424796118509,-0.0237431609373387,1.0005677712398058,
1631999106.1464553,0.0,0.10687022900763359,0.0916030534351145,-0.09935996696603695,-0.032775885206978425,0.9992773820584288,
1631999106.2466304,-0.015267175572519083,0.0916030534351145,0.10687022900763359,-0.13084546299163827,-0.012645813977495613,0.9745019097759884,
1631999106.3467965,0.022900763358778626,0.09923664122137404,0.0916030534351145,-0.10555383503664705,-0.025033550118715803,0.9760503767936409,
1631999106.4469523,1.9236641221374047,0.08396946564885496,0.11450381679389313,-0.10297305667389284,-0.02451739444616496,0.9812119335191494,
1631999106.5471084,1.9465648854961832,0.11450381679389313,0.08396946564885496,-0.13084546299163827,-0.02425931660988954,1.0041808609476617,
1631999106.6472626,-0.03816793893129771,0.10687022900763359,0.08396946564885496,-0.11510271497883762,-0.021420460410859914,0.9770826881387425,
1631999106.747432,-0.015267175572519083,0.10687022900763359,0.10687022900763359,-0.11097346959843088,-0.0400020646226902,0.992051202642717,
1631999106.847601,0.0,0.0916030534351145,0.0916030534351145,-0.10194074532879116,-0.02348508310106328,0.9775988438112935,
1631999106.9477627,-0.007633587786259542,0.0916030534351145,0.08396946564885496,-0.11226385877980799,-0.017291215030453184,0.9956642923505729,
1631999107.0479074,1.9465648854961832,0.0916030534351145,0.11450381679389313,-0.13187777433673994,-0.02735625064519459,0.9799215443377722,
1631999107.1480808,-0.007633587786259542,0.09923664122137404,0.11450381679389313,-0.11458655930628676,-0.022452771755961595,0.9948900588417466,
1631999107.2482486,0.0,0.05343511450381679,0.11450381679389313,-0.12929699597398575,-0.022968927428512437,0.9783730773201197,
1631999107.3484015,1.9389312977099236,0.09923664122137404,0.09923664122137404,-0.11148962527098172,-0.03096934035305048,1.0052131722927635,
1631999107.4485583,-0.007633587786259542,0.0916030534351145,0.11450381679389313,-0.12955507381026116,-0.0012903891813771033,0.9861154124083823,
1631999107.5487282,-1.9541984732824427,0.0916030534351145,0.0916030534351145,-0.11355424796118509,-0.045679777020749456,1.0026323939300092,
1631999107.6488948,0.022900763358778626,0.10687022900763359,0.08396946564885496,-0.11252193661608341,-0.02348508310106328,0.9845669453907298,
1631999107.7490401,1.9236641221374047,0.08396946564885496,0.10687022900763359,-0.11510271497883762,-0.017807370703004026,0.9961804480231238,
1631999107.849209,1.9465648854961832,0.08396946564885496,0.08396946564885496,-0.1311035408279137,-0.02013007122948281,0.9861154124083823,
1631999107.9493763,1.9389312977099236,0.09923664122137404,0.09923664122137404,-0.10890884690822751,-0.028130484154020852,1.0041808609476617,
1631999108.0495358,-0.03816793893129771,0.10687022900763359,0.09923664122137404,-0.09935996696603695,-0.021420460410859914,0.9837927118819035,
1631999108.1496887,1.9465648854961832,0.0916030534351145,0.08396946564885496,-0.11923196035924434,-0.03096934035305048,0.9760503767936409,
1631999108.2498531,1.9389312977099236,0.09923664122137404,0.10687022900763359,-0.10452152369154537,-0.03148549602560132,1.0005677712398058,
1631999108.3500087,0.015267175572519083,0.12213740458015267,0.0916030534351145,-0.12826468462888407,-0.04413131000309693,1.0059874058015896,
1631999108.450177,-0.015267175572519083,0.0916030534351145,0.10687022900763359,-0.10865076907195209,-0.035098585733457206,0.9938577474966449,
1631999108.5503247,0.007633587786259542,0.09923664122137404,0.12213740458015267,-0.12955507381026116,-0.02348508310106328,0.9770826881387425,
1631999108.6504922,0.015267175572519083,0.0916030534351145,0.10687022900763359,-0.12181273872199855,-0.0005161556725508413,0.988954268607412,
1631999108.750652,-0.007633587786259542,0.09923664122137404,0.10687022900763359,-0.11897388252296892,-0.03432435222463095,0.9835346340456281,
1631999108.8508217,-0.007633587786259542,0.12213740458015267,0.0916030534351145,-0.12955507381026116,-0.018839682048105707,0.9778569216475689,
1631999108.9509635,-1.9465648854961832,0.0916030534351145,0.11450381679389313,-0.1148446371425622,-0.041550531640342725,0.9814700113554248,
1631999109.0511296,0.0,0.11450381679389313,0.10687022900763359,-0.1249096727573036,-0.017549292866728603,0.9814700113554248,
1631999109.151294,1.9465648854961832,0.08396946564885496,0.0916030534351145,-0.10090843398368948,-0.010839269123567667,0.9938577474966449,
1631999109.251439,0.015267175572519083,0.09923664122137404,0.09923664122137404,-0.12774852895633323,-0.026065861463817487,0.9884381129348611,
1631999109.3515847,0.022900763358778626,0.10687022900763359,0.09923664122137404,-0.13084546299163827,-0.0072261794157117785,1.004955094456488,
1631999109.4517524,-1.9389312977099236,0.09923664122137404,0.12213740458015267,-0.11690925983276555,-0.02761432848147001,1.0039227831113864,
1631999109.5519185,0.015267175572519083,0.09923664122137404,0.10687022900763359,-0.11097346959843088,-0.0474863218746774,1.001342004748632,
1631999109.6520689,0.007633587786259542,0.10687022900763359,0.0916030534351145,-0.12826468462888407,-0.018065448539279445,0.9778569216475689,
1631999109.752235,-0.007633587786259542,0.08396946564885496,0.10687022900763359,-0.11278001445235883,-0.010839269123567667,1.0062454836378651,
1631999109.8523962,-0.007633587786259542,0.08396946564885496,0.11450381679389313,